0,1,2014-08-08,Reims,Paris SG,0,0,H,3,6,0.333,0.375,1,5,0,0,D
1,1,2014-08-09,Bastia,Marseille,0,0,A,4,4,0.308,0.444,1,4,0,0,D
2,1,2014-08-09,Evian TG,Caen,-3,3,A,2,7,0.200,0.583,5,6,0,0,A
3,1,2014-08-09,Guingamp,St Etienne,-2,2,A,3,2,0.500,0.286,4,5,0,0,A
4,1,2014-08-09,Lille,Metz,0,0,D,3,1,0.214,0.500,8,3,0,0,D
5,1,2014-08-09,Montpellier,Bordeaux,-1,1,A,3,3,0.200,0.429,5,1,0,0,A
6,1,2014-08-09,Nantes,Lens,1,-1,D,4,2,0.286,0.400,3,2,0,0,H
7,1,2014-08-09,Nice,Toulouse,1,-1,A,8,3,0.364,0.273,12,7,0,0,H
8,1,2014-08-10,Lyon,Rennes,2,-2,D,6,1,0.316,0.143,5,1,0,0,H
9,1,2014-08-10,Monaco,Lorient,-1,1,A,7,3,0.583,0.333,10,4,1,0,A
10,2,2014-08-15,Caen,Lille,-1,1,D,3,1,0.273,0.125,3,9,1,0,A
11,2,2014-08-16,Lens,Guingamp,-1,1,D,4,4,0.286,0.400,7,2,0,0,A
12,2,2014-08-16,Lorient,Nice,0,0,D,6,2,0.462,0.222,8,2,0,0,D
13,2,2014-08-16,Metz,Nantes,0,0,D,5,2,0.417,0.333,4,7,0,0,D
14,2,2014-08-16,Paris SG,Bastia,2,-2,H,5,1,0.333,0.200,4,4,0,0,H
15,2,2014-08-16,Rennes,Evian TG,4,-4,H,7,3,0.778,0.333,6,1,0,0,H
16,2,2014-08-16,Toulouse,Lyon,1,-1,H,6,3,0.600,0.167,6,4,0,0,H
17,2,2014-08-17,Bordeaux,Monaco,3,-3,A,5,3,0.556,0.333,3,4,0,0,H
18,2,2014-08-17,Marseille,Montpellier,-2,2,A,5,3,0.227,0.300,6,1,0,0,A
19,2,2014-08-17,St Etienne,Reims,2,-2,A,9,2,0.474,0.286,6,3,0,0,H
20,3,2014-08-22,Evian TG,Paris SG,0,0,D,2,3,0.222,0.429,5,0,0,1,D
21,3,2014-08-23,Bastia,Toulouse,1,-1,H,3,3,0.375,0.214,3,0,0,0,H
22,3,2014-08-23,Guingamp,Marseille,-1,1,D,2,3,0.500,0.188,4,6,0,0,A
23,3,2014-08-23,Lille,Lorient,2,-2,D,6,1,0.462,0.143,2,3,0,0,H
24,3,2014-08-23,Montpellier,Metz,2,-2,H,5,3,0.417,0.250,5,5,0,0,H
25,3,2014-08-23,Nice,Bordeaux,-2,2,D,2,7,0.182,0.583,7,1,0,1,A
26,3,2014-08-23,Reims,Caen,-2,2,D,4,6,0.333,0.375,5,3,0,0,A
27,3,2014-08-24,Lyon,Lens,-1,1,A,4,2,0.250,0.286,5,1,0,0,A
28,3,2014-08-24,Nantes,Monaco,-1,1,A,5,2,0.333,0.333,5,9,0,0,A
29,3,2014-08-24,St Etienne,Rennes,0,0,D,2,0,0.182,0.000,8,3,0,0,D
30,4,2014-08-29,Marseille,Nice,4,-4,H,8,3,0.400,0.375,11,4,0,0,H
31,4,2014-08-30,Caen,Rennes,-1,1,D,4,1,0.308,0.100,6,1,1,0,A
32,4,2014-08-30,Lens,Reims,2,-2,D,6,2,0.353,0.200,4,7,0,1,H
33,4,2014-08-30,Lorient,Guingamp,4,-4,D,6,2,0.545,0.250,7,8,0,0,H
34,4,2014-08-30,Monaco,Lille,0,0,A,2,2,0.154,0.500,7,2,0,0,D
35,4,2014-08-30,Nantes,Montpellier,1,-1,D,5,0,0.357,0.000,7,4,0,0,H
36,4,2014-08-30,Toulouse,Evian TG,1,-1,D,5,2,0.500,0.286,2,7,0,1,H
37,4,2014-08-31,Bordeaux,Bastia,0,0,A,4,4,0.174,0.500,4,0,0,0,D
38,4,2014-08-31,Metz,Lyon,1,-1,D,3,5,0.429,0.294,7,4,0,0,H
39,4,2014-08-31,Paris SG,St Etienne,5,-5,H,8,2,0.615,0.250,4,7,0,0,H
40,5,2014-09-12,Lyon,Monaco,1,-1,D,3,9,0.273,0.562,6,7,0,0,H
41,5,2014-09-13,Bastia,Lens,0,0,A,4,2,0.444,0.333,8,2,0,0,D
42,5,2014-09-13,Montpellier,Lorient,1,-1,H,1,4,0.091,0.364,3,3,0,0,H
43,5,2014-09-13,Nice,Metz,1,-1,D,2,1,0.222,0.083,8,3,0,0,H
44,5,2014-09-13,Reims,Toulouse,2,-2,H,3,1,0.500,0.071,3,5,0,0,H
45,5,2014-09-13,Rennes,Paris SG,0,0,A,2,5,0.400,0.625,1,2,0,0,D
46,5,2014-09-13,St Etienne,Caen,1,-1,D,3,1,0.250,0.200,6,2,0,0,H
47,5,2014-09-14,Evian TG,Marseille,-2,2,A,1,4,0.100,0.667,5,3,0,0,A
48,5,2014-09-14,Guingamp,Bordeaux,1,-1,H,6,2,0.545,0.286,2,4,0,0,H
49,5,2014-09-14,Lille,Nantes,2,-2,D,5,3,0.385,0.300,5,5,0,0,H
50,6,2014-09-19,Bordeaux,Evian TG,1,-1,H,2,2,0.286,0.250,4,7,0,0,H
51,6,2014-09-20,Lorient,Reims,-1,1,D,0,3,0.000,0.429,3,1,0,0,A
52,6,2014-09-20,Marseille,Rennes,3,-3,D,7,5,0.438,0.385,7,5,0,0,H
53,6,2014-09-20,Metz,Bastia,2,-2,D,9,1,0.474,0.100,4,4,0,0,H
54,6,2014-09-20,Nantes,Nice,1,-1,H,4,2,0.211,0.500,10,4,0,0,H
55,6,2014-09-20,Toulouse,Caen,0,0,D,7,5,0.304,0.417,4,6,0,0,D
56,6,2014-09-21,Lens,St Etienne,-1,1,D,4,3,0.444,0.200,5,7,0,0,A
57,6,2014-09-21,Lille,Montpellier,0,0,D,2,0,0.154,0.000,7,4,0,0,D
58,6,2014-09-21,Monaco,Guingamp,1,-1,H,7,2,0.368,0.667,6,2,0,0,H
59,6,2014-09-21,Paris SG,Lyon,0,0,H,3,5,0.250,0.556,4,2,0,0,D
60,7,2014-09-23,Reims,Marseille,-5,5,A,3,11,0.300,0.524,3,6,0,0,A
61,7,2014-09-23,Rennes,Toulouse,-3,3,A,4,5,0.250,0.556,6,7,0,0,A
62,7,2014-09-24,Bastia,Nantes,0,0,D,0,2,0.000,0.143,4,6,1,0,D
63,7,2014-09-24,Caen,Paris SG,-2,2,A,3,8,0.214,0.500,2,3,0,0,A
64,7,2014-09-24,Evian TG,Lens,1,-1,H,3,4,0.214,0.444,4,2,0,0,H
65,7,2014-09-24,Guingamp,Metz,-1,1,A,1,4,0.083,0.444,7,8,0,1,A
66,7,2014-09-24,Lyon,Lorient,4,-4,H,9,2,0.643,0.154,5,7,0,0,H
67,7,2014-09-24,Montpellier,Monaco,-1,1,D,3,7,0.333,0.538,4,4,0,0,A
68,7,2014-09-24,Nice,Lille,1,-1,H,3,3,0.333,0.500,11,2,0,0,H
69,7,2014-09-25,St Etienne,Bordeaux,0,0,D,7,2,0.318,0.667,11,1,0,0,D
70,8,2014-09-27,Lille,Bastia,1,-1,H,7,2,0.368,0.250,5,1,0,0,H
71,8,2014-09-27,Lorient,Evian TG,-2,2,A,4,3,0.250,0.600,9,3,1,0,A
72,8,2014-09-27,Metz,Reims,3,-3,D,9,1,0.529,0.250,4,3,0,2,H
73,8,2014-09-27,Monaco,Nice,-1,1,A,1,2,0.125,0.250,5,2,0,0,A
74,8,2014-09-27,Montpellier,Guingamp,1,-1,D,5,6,0.556,0.545,5,4,0,1,H
75,8,2014-09-27,Toulouse,Paris SG,0,0,D,5,2,0.455,0.250,4,5,0,0,D
76,8,2014-09-28,Bordeaux,Rennes,1,-1,D,4,6,0.286,0.500,3,3,0,0,H
77,8,2014-09-28,Lens,Caen,0,0,D,2,2,0.222,0.154,1,0,0,0,D
78,8,2014-09-28,Marseille,St Etienne,1,-1,H,8,5,0.571,0.455,6,1,0,0,H
79,8,2014-09-28,Nantes,Lyon,0,0,D,4,5,0.286,0.500,5,3,0,0,D
80,9,2014-10-03,Reims,Bordeaux,1,-1,H,0,3,0.000,0.250,6,4,0,0,H
81,9,2014-10-04,Bastia,Lorient,-2,2,D,3,6,0.500,0.429,3,3,0,0,A
82,9,2014-10-04,Caen,Marseille,-1,1,D,4,9,0.364,0.409,4,9,0,0,A
83,9,2014-10-04,Evian TG,Metz,3,-3,D,2,3,0.250,0.375,2,3,0,0,H
84,9,2014-10-04,Nice,Montpellier,0,0,D,2,2,0.200,0.286,4,3,0,0,D
85,9,2014-10-04,Rennes,Lens,2,-2,D,7,1,0.438,0.125,6,7,0,0,H
86,9,2014-10-05,Guingamp,Nantes,-1,1,A,4,3,0.250,0.250,6,5,0,0,A
87,9,2014-10-05,Lyon,Lille,3,-3,H,6,2,0.429,0.167,3,1,0,0,H
88,9,2014-10-05,Paris SG,Monaco,0,0,D,2,5,0.286,0.333,2,7,0,0,D
89,9,2014-10-05,St Etienne,Toulouse,-1,1,A,1,1,0.048,0.143,10,2,0,0,A
90,10,2014-10-17,Lens,Paris SG,-2,2,A,4,8,0.333,0.533,3,0,2,1,A
91,10,2014-10-18,Lille,Guingamp,-1,1,A,10,4,0.345,0.667,9,1,0,1,A
92,10,2014-10-18,Lorient,St Etienne,-1,1,D,1,6,0.333,0.400,3,7,0,0,A
93,10,2014-10-18,Metz,Rennes,0,0,D,3,3,0.231,0.214,6,7,0,0,D
94,10,2014-10-18,Monaco,Evian TG,2,-2,H,4,3,0.444,0.273,0,4,0,0,H
95,10,2014-10-18,Nantes,Reims,0,0,H,4,6,0.400,0.500,3,2,0,0,D
96,10,2014-10-18,Nice,Bastia,-1,1,D,4,1,0.211,0.333,7,1,0,0,A
97,10,2014-10-19,Bordeaux,Caen,0,0,H,1,4,0.083,0.364,5,6,0,0,D
98,10,2014-10-19,Lyon,Montpellier,4,-4,H,11,2,0.550,0.200,7,6,0,0,H
99,10,2014-10-19,Marseille,Toulouse,2,-2,H,5,1,0.333,0.143,9,3,0,0,H
100,11,2014-10-24,Toulouse,Lens,-2,2,A,4,2,0.250,0.286,15,2,0,0,A
101,11,2014-10-25,Bastia,Monaco,-2,2,D,5,8,0.556,0.471,4,5,0,0,A
102,11,2014-10-25,Caen,Lorient,1,-1,D,5,2,0.357,0.250,3,4,0,0,H
103,11,2014-10-25,Evian TG,Nantes,-2,2,A,0,7,0.000,0.500,2,4,0,0,A
104,11,2014-10-25,Paris SG,Bordeaux,3,-3,H,5,1,0.455,0.125,5,4,1,1,H
105,11,2014-10-25,Reims,Montpellier,1,-1,D,1,5,0.083,0.385,5,6,0,0,H
106,11,2014-10-26,Guingamp,Nice,-5,5,A,5,10,0.357,0.769,5,7,0,0,A
107,11,2014-10-26,Lyon,Marseille,1,-1,D,5,4,0.500,0.364,3,3,0,0,H
108,11,2014-10-26,Rennes,Lille,2,-2,D,6,3,0.500,0.429,5,4,0,0,H
109,11,2014-10-26,St Etienne,Metz,1,-1,D,5,1,0.417,0.100,12,1,0,0,H
110,12,2014-10-31,Monaco,Reims,0,0,H,5,1,0.417,0.143,6,5,0,0,D
111,12,2014-11-01,Guingamp,Bastia,1,-1,H,2,3,0.222,0.429,4,5,0,0,H
112,12,2014-11-01,Lille,St Etienne,0,0,H,8,3,0.471,0.429,6,7,0,0,D
113,12,2014-11-01,Lorient,Paris SG,-1,1,H,5,8,0.294,0.667,2,4,0,0,A
114,12,2014-11-01,Metz,Caen,1,-1,H,4,3,0.364,0.250,0,5,0,1,H
115,12,2014-11-01,Montpellier,Evian TG,2,-2,H,6,1,0.429,0.143,4,5,0,0,H
116,12,2014-11-01,Nice,Lyon,-2,2,D,3,8,0.333,0.500,5,5,0,0,A
117,12,2014-11-02,Bordeaux,Toulouse,1,-1,D,3,2,0.231,0.200,4,9,0,0,H
118,12,2014-11-02,Marseille,Lens,1,-1,D,5,4,0.357,0.267,9,2,1,0,H
119,12,2014-11-02,Nantes,Rennes,0,0,D,3,1,0.250,0.500,6,2,0,0,D
120,13,2014-11-07,Rennes,Lorient,1,-1,D,3,2,0.375,0.333,1,3,0,0,H
121,13,2014-11-08,Bastia,Montpellier,2,-2,H,5,1,0.500,0.143,2,5,0,0,H
122,13,2014-11-08,Caen,Nantes,-1,1,D,5,3,0.385,0.429,10,1,0,0,A
123,13,2014-11-08,Evian TG,Nice,1,-1,D,2,4,0.200,0.500,3,5,0,0,H
124,13,2014-11-08,Lens,Bordeaux,-1,1,A,2,3,0.250,0.250,6,2,0,0,A
125,13,2014-11-08,Toulouse,Metz,3,-3,H,4,2,0.364,0.167,6,2,0,0,H
126,13,2014-11-09,Lyon,Guingamp,2,-2,H,6,5,0.462,0.455,8,3,0,0,H
127,13,2014-11-09,Paris SG,Marseille,2,-2,H,10,2,0.476,0.118,6,8,0,1,H
128,13,2014-11-09,Reims,Lille,2,-2,H,11,2,0.611,0.222,9,3,0,1,H
129,13,2014-11-09,St Etienne,Monaco,0,0,A,3,2,0.273,0.333,5,1,0,1,D
130,14,2014-11-21,Metz,Paris SG,-1,1,A,4,9,0.286,0.643,3,3,0,0,A
131,14,2014-11-22,Bastia,Lyon,0,0,D,2,1,0.222,0.143,4,6,0,0,D
132,14,2014-11-22,Guingamp,Rennes,-1,1,A,2,5,0.125,0.385,7,4,0,0,A
133,14,2014-11-22,Lorient,Lens,1,-1,H,13,1,0.542,0.200,8,1,0,1,H
134,14,2014-11-22,Monaco,Caen,0,0,H,9,3,0.360,0.231,7,4,0,0,D
135,14,2014-11-22,Nice,Reims,0,0,D,3,2,0.231,0.200,6,5,0,0,D
136,14,2014-11-23,Marseille,Bordeaux,2,-2,D,12,4,0.462,0.333,4,7,0,0,H
137,14,2014-11-23,Montpellier,Toulouse,2,-2,H,7,1,0.368,0.143,2,5,0,0,H
138,14,2014-11-23,Nantes,St Etienne,0,0,D,7,5,0.636,0.385,7,3,0,0,D
139,15,2014-11-28,Marseille,Nantes,2,-2,H,4,4,0.267,0.308,5,8,0,0,H
140,15,2014-11-29,Caen,Montpellier,0,0,D,8,4,0.381,0.500,7,6,0,0,D
141,15,2014-11-29,Lens,Metz,2,-2,D,4,1,0.267,0.167,5,1,0,0,H
142,15,2014-11-29,Paris SG,Nice,1,-1,H,2,4,0.200,0.444,4,5,0,0,H
143,15,2014-11-29,Reims,Bastia,1,-1,D,4,3,0.364,0.429,6,3,0,0,H
144,15,2014-11-29,Rennes,Monaco,2,-2,H,3,3,0.500,0.333,5,7,0,0,H
145,15,2014-11-29,Toulouse,Lorient,-1,1,H,4,9,0.286,0.600,1,4,0,0,A
146,14,2014-11-30,Bordeaux,Lille,1,-1,D,2,1,0.154,0.143,5,2,0,0,H
147,14,2014-11-30,Evian TG,Guingamp,2,-2,D,3,5,0.333,0.417,4,5,0,0,H
148,15,2014-11-30,St Etienne,Lyon,3,-3,H,5,3,0.455,0.250,4,6,0,0,H
149,16,2014-12-02,Lorient,Marseille,0,0,D,3,8,0.273,0.500,4,5,0,0,D
150,16,2014-12-02,Monaco,Lens,2,-2,D,5,3,0.625,0.214,5,2,1,0,H
151,16,2014-12-02,Nantes,Toulouse,-1,1,A,4,2,0.235,0.250,3,4,0,0,A
152,16,2014-12-03,Bastia,Evian TG,-1,1,H,3,4,0.300,0.500,10,2,0,0,A
153,16,2014-12-03,Guingamp,Caen,4,-4,H,9,2,0.529,0.400,6,4,0,1,H
154,16,2014-12-03,Lille,Paris SG,0,0,D,5,8,0.278,0.533,2,7,0,0,D
155,16,2014-12-03,Metz,Bordeaux,0,0,D,4,1,0.400,0.077,4,3,0,0,D
156,16,2014-12-03,Montpellier,St Etienne,-2,2,A,3,6,0.333,0.667,6,3,0,1,A
157,16,2014-12-03,Nice,Rennes,-1,1,A,3,2,0.300,0.500,7,0,0,0,A
158,16,2014-12-04,Lyon,Reims,1,-1,D,5,5,0.294,0.417,4,3,0,0,H
159,17,2014-12-05,Toulouse,Monaco,-2,2,A,1,5,0.091,0.500,6,7,0,0,A
160,17,2014-12-06,Bordeaux,Lorient,1,-1,D,11,4,0.478,0.267,13,5,0,0,H
161,17,2014-12-06,Caen,Nice,-1,1,H,5,10,0.333,0.556,7,5,0,0,A
162,17,2014-12-06,Paris SG,Nantes,1,-1,D,4,2,0.333,0.667,5,2,0,0,H
163,17,2014-12-06,Rennes,Montpellier,-4,4,A,3,10,0.200,0.909,7,2,0,0,A
164,17,2014-12-06,St Etienne,Bastia,1,-1,D,2,3,0.143,0.250,5,3,0,0,H
165,16,2014-12-07,Evian TG,Lyon,-1,1,H,2,8,0.333,0.400,1,6,0,0,A
166,16,2014-12-07,Lens,Lille,0,0,D,3,2,0.214,0.400,10,2,0,0,D
167,17,2014-12-07,Marseille,Metz,2,-2,H,7,5,0.438,0.357,4,5,0,0,H
168,17,2014-12-07,Reims,Guingamp,-1,1,D,5,5,0.357,0.714,7,3,0,0,A
169,18,2014-12-12,Lyon,Caen,3,-3,H,12,2,0.522,0.222,7,2,0,0,H
170,18,2014-12-13,Bastia,Rennes,2,-2,H,6,1,0.375,0.200,6,2,0,1,H
171,18,2014-12-13,Lorient,Metz,2,-2,H,8,2,0.381,0.182,3,7,0,0,H
172,18,2014-12-13,Montpellier,Lens,0,0,D,5,7,0.417,0.438,5,3,0,0,D
173,18,2014-12-13,Nantes,Bordeaux,1,-1,D,1,5,0.167,0.455,3,4,0,0,H
174,18,2014-12-13,Reims,Evian TG,1,-1,H,5,5,0.357,0.556,5,3,0,1,H
175,18,2014-12-14,Guingamp,Paris SG,1,-1,H,2,3,0.286,0.200,4,5,0,0,H
176,17,2014-12-14,Lille,Toulouse,3,-3,H,7,1,0.467,0.333,4,1,0,1,H
177,18,2014-12-14,Monaco,Marseille,1,-1,D,3,3,0.250,0.300,6,8,0,0,H
178,18,2014-12-14,Nice,St Etienne,0,0,D,3,2,0.600,0.182,7,6,1,1,D
179,19,2014-12-19,Lens,Nice,2,-2,H,5,1,0.500,0.200,5,4,0,0,H
180,19,2014-12-20,Caen,Bastia,0,0,A,1,3,0.077,0.333,2,1,0,0,D
181,19,2014-12-20,Lorient,Nantes,-1,1,A,10,7,0.500,0.500,7,4,0,0,A
182,19,2014-12-20,Metz,Monaco,-1,1,D,7,3,0.389,0.300,7,4,0,0,A
183,19,2014-12-20,Paris SG,Montpellier,0,0,D,4,0,0.333,0.000,8,5,0,0,D
184,19,2014-12-20,Rennes,Reims,-2,2,H,2,5,0.286,0.417,2,4,0,0,A
185,19,2014-12-20,Toulouse,Guingamp,0,0,D,5,3,0.455,0.300,7,5,0,0,D
186,19,2014-12-21,Bordeaux,Lyon,-5,5,A,4,9,0.364,0.500,3,2,1,0,A
187,19,2014-12-21,Marseille,Lille,1,-1,H,1,2,0.077,0.200,10,1,0,0,H
188,18,2014-12-21,St Etienne,Evian TG,3,-3,H,4,1,0.571,0.167,7,2,0,0,H
189,19,2015-01-07,Lille,Evian TG,1,-1,D,3,2,0.273,0.333,3,6,0,0,H
190,20,2015-01-09,Montpellier,Marseille,1,-1,H,4,4,0.333,0.333,3,2,0,0,H
191,20,2015-01-10,Bastia,Paris SG,2,-2,D,4,4,0.667,0.400,2,0,0,0,H
192,20,2015-01-10,Evian TG,Rennes,0,0,D,3,7,0.333,0.636,6,5,0,0,D
193,20,2015-01-10,Guingamp,Lens,2,-2,H,3,2,0.214,0.200,8,8,0,0,H
194,20,2015-01-10,Lille,Caen,1,-1,H,4,2,0.286,0.400,7,6,0,0,H
195,20,2015-01-10,Nice,Lorient,2,-2,D,9,1,0.450,0.200,8,1,0,0,H
196,20,2015-01-10,Reims,St Etienne,-1,1,A,7,6,0.280,0.429,9,5,1,0,A
197,20,2015-01-11,Lyon,Toulouse,3,-3,H,5,2,0.625,0.222,2,5,0,0,H
198,20,2015-01-11,Monaco,Bordeaux,0,0,D,4,5,0.286,0.556,13,2,0,0,D
199,20,2015-01-11,Nantes,Metz,0,0,D,1,3,0.091,0.333,4,4,0,0,D
200,21,2015-01-16,Bordeaux,Nice,-1,1,H,3,2,0.375,0.222,1,6,0,0,A
201,21,2015-01-17,Caen,Reims,3,-3,H,7,2,0.467,0.167,6,8,0,0,H
202,21,2015-01-17,Lens,Lyon,-2,2,A,4,4,0.333,0.500,7,1,0,0,A
203,21,2015-01-17,Lorient,Lille,1,-1,D,6,4,0.400,0.308,6,7,0,0,H
204,21,2015-01-17,Metz,Montpellier,-1,1,H,3,5,0.429,0.357,5,6,0,0,A
205,21,2015-01-17,Monaco,Nantes,1,-1,D,4,2,0.364,0.154,3,5,0,0,H
206,21,2015-01-17,Toulouse,Bastia,0,0,D,4,1,0.308,0.333,7,2,0,0,D
207,21,2015-01-18,Marseille,Guingamp,1,-1,D,7,4,0.438,0.364,5,4,1,0,H
208,21,2015-01-18,Paris SG,Evian TG,2,-2,H,8,1,0.800,0.200,7,4,0,0,H
209,21,2015-01-18,Rennes,St Etienne,0,0,D,1,1,0.167,0.200,3,8,0,0,D
210,22,2015-01-23,Nice,Marseille,1,-1,D,3,3,0.300,0.167,4,5,1,0,H
211,22,2015-01-24,Bastia,Bordeaux,0,0,D,4,4,0.364,0.308,5,5,1,0,D
212,22,2015-01-24,Guingamp,Lorient,1,-1,H,6,5,0.545,0.294,5,2,1,0,H
213,22,2015-01-24,Lille,Monaco,-1,1,D,1,2,0.091,0.222,5,4,0,0,A
214,22,2015-01-24,Montpellier,Nantes,4,-4,H,6,6,0.667,0.429,2,2,0,0,H
215,22,2015-01-25,Evian TG,Toulouse,1,-1,H,3,4,0.429,0.444,5,4,0,1,H
216,22,2015-01-25,Lyon,Metz,2,-2,H,6,2,0.286,0.400,6,2,0,1,H
217,22,2015-01-25,Reims,Lens,0,0,D,3,7,0.250,0.350,4,6,0,0,D
218,22,2015-01-25,Rennes,Caen,-3,3,D,5,5,0.357,0.455,4,3,0,0,A
219,22,2015-01-25,St Etienne,Paris SG,-1,1,D,1,3,0.100,0.273,8,3,0,0,A
220,23,2015-01-30,Paris SG,Rennes,1,-1,H,2,2,0.250,0.286,5,6,0,0,H
221,23,2015-01-31,Lens,Bastia,0,0,D,5,1,0.250,0.250,5,2,0,0,D
222,23,2015-01-31,Lorient,Montpellier,0,0,D,5,1,0.385,0.143,9,3,0,0,D
223,23,2015-01-31,Marseille,Evian TG,1,-1,D,1,1,0.056,0.333,3,0,0,0,H
224,23,2015-01-31,Metz,Nice,0,0,D,3,0,0.300,0.000,4,1,0,1,D
225,23,2015-01-31,Nantes,Lille,0,0,A,7,3,0.500,0.214,13,1,0,0,D
226,23,2015-01-31,Toulouse,Reims,1,-1,H,3,2,0.188,0.400,8,0,0,0,H
227,23,2015-02-01,Bordeaux,Guingamp,0,0,A,3,5,0.214,0.556,7,4,1,0,D
228,23,2015-02-01,Caen,St Etienne,1,-1,H,5,1,0.357,0.091,4,12,0,0,H
229,23,2015-02-01,Monaco,Lyon,0,0,D,1,3,0.111,0.500,5,2,0,0,D
230,24,2015-02-06,St Etienne,Lens,0,0,H,6,8,0.429,0.615,3,4,0,0,D
231,24,2015-02-07,Bastia,Metz,2,-2,D,8,5,0.571,0.625,2,2,0,1,H
232,24,2015-02-07,Caen,Toulouse,2,-2,H,4,1,0.333,0.077,3,8,0,0,H
233,24,2015-02-07,Evian TG,Bordeaux,-1,1,A,4,1,0.500,0.250,5,1,0,0,A
234,24,2015-02-07,Montpellier,Lille,-1,1,A,8,5,0.615,0.556,9,1,0,0,A
235,24,2015-02-07,Reims,Lorient,-2,2,H,4,4,0.400,0.333,7,6,0,0,A
236,24,2015-02-07,Rennes,Marseille,0,0,H,2,2,0.182,0.200,4,4,0,1,D
237,24,2015-02-08,Guingamp,Monaco,1,-1,D,2,5,0.286,0.263,2,7,1,0,H
238,24,2015-02-08,Lyon,Paris SG,0,0,H,2,6,0.286,0.429,3,3,0,0,D
239,24,2015-02-08,Nice,Nantes,0,0,D,7,2,0.368,0.250,5,1,0,0,D
240,25,2015-02-13,Marseille,Reims,0,0,A,5,5,0.238,0.357,14,4,0,0,D
241,25,2015-02-14,Lens,Evian TG,-2,2,A,3,3,0.231,0.375,5,2,1,1,A
242,25,2015-02-14,Lille,Nice,0,0,D,1,1,0.125,0.200,5,3,1,0,D
243,25,2015-02-14,Nantes,Bastia,-2,2,A,3,2,0.273,0.333,0,3,1,0,A
244,25,2015-02-14,Paris SG,Caen,0,0,H,6,7,0.462,0.500,5,5,0,0,D
245,25,2015-02-14,Toulouse,Rennes,1,-1,H,6,3,0.333,0.273,5,5,0,0,H
246,25,2015-02-15,Bordeaux,St Etienne,1,-1,H,4,4,0.308,0.364,5,3,0,0,H
247,25,2015-02-15,Lorient,Lyon,0,0,D,3,6,0.231,0.667,3,5,0,0,D
248,25,2015-02-15,Metz,Guingamp,-2,2,A,2,5,0.143,0.385,7,3,0,0,A
249,26,2015-02-20,Nice,Monaco,-1,1,D,3,2,0.300,0.200,7,3,0,1,A
250,26,2015-02-21,Bastia,Lille,1,-1,H,5,3,0.714,0.300,4,8,0,0,H
251,26,2015-02-21,Caen,Lens,3,-3,H,4,3,0.500,0.214,3,7,0,0,H
252,26,2015-02-21,Paris SG,Toulouse,2,-2,H,4,3,0.500,0.375,7,3,0,0,H
253,26,2015-02-21,Rennes,Bordeaux,0,0,H,3,6,0.375,0.300,4,9,0,0,D
254,26,2015-02-22,Guingamp,Montpellier,-2,2,A,2,9,0.500,0.562,1,4,0,0,A
255,26,2015-02-22,Lyon,Nantes,1,-1,D,3,0,0.200,0.000,5,4,0,0,H
256,26,2015-02-22,Reims,Metz,0,0,D,3,6,0.231,0.500,7,6,0,0,D
257,26,2015-02-22,St Etienne,Marseille,0,0,D,6,4,0.375,0.308,3,5,0,0,D
258,27,2015-02-27,Marseille,Caen,-1,1,H,9,10,0.429,0.667,4,6,0,0,A
259,27,2015-02-28,Bordeaux,Reims,0,0,D,6,3,0.429,0.429,6,3,0,0,D
260,27,2015-02-28,Lens,Rennes,-1,1,A,2,2,0.154,0.250,1,2,0,0,A
261,27,2015-02-28,Lille,Lyon,1,-1,A,3,4,0.231,0.400,0,5,0,0,H
262,27,2015-02-28,Lorient,Bastia,2,-2,H,6,4,0.333,0.500,7,8,0,0,H
263,26,2015-02-28,Metz,Evian TG,-1,1,D,5,2,0.385,0.400,3,8,0,0,A
264,27,2015-02-28,Toulouse,St Etienne,0,0,A,4,4,0.364,0.571,6,1,0,0,D
265,27,2015-03-01,Monaco,Paris SG,0,0,D,1,2,0.167,0.167,1,7,0,0,D
266,26,2015-03-01,Montpellier,Nice,1,-1,D,5,7,0.417,0.467,1,1,0,0,H
267,27,2015-03-01,Nantes,Guingamp,1,-1,D,3,2,0.333,0.667,1,2,1,0,H
268,27,2015-03-04,Evian TG,Lorient,1,-1,H,2,7,0.286,0.412,4,5,0,0,H
269,28,2015-03-06,Toulouse,Marseille,-5,5,A,2,8,0.125,0.727,4,4,0,0,A
270,28,2015-03-07,Bastia,Nice,1,-1,D,7,1,0.500,0.200,10,2,0,2,H
271,28,2015-03-07,Caen,Bordeaux,-1,1,D,1,5,0.125,0.333,3,4,1,0,A
272,28,2015-03-07,Evian TG,Monaco,-2,2,A,6,5,0.545,0.455,6,3,0,0,A
273,28,2015-03-07,Paris SG,Lens,3,-3,H,14,3,0.519,0.375,7,3,0,0,H
274,28,2015-03-07,Reims,Nantes,2,-2,H,9,4,0.409,0.571,8,4,0,1,H
275,28,2015-03-07,Rennes,Metz,1,-1,H,4,4,0.571,0.250,3,3,0,0,H
276,28,2015-03-08,Guingamp,Lille,-1,1,D,2,4,0.500,0.267,3,8,0,0,A
277,27,2015-03-08,Montpellier,Lyon,-4,4,A,4,8,0.400,0.533,1,1,0,0,A
278,28,2015-03-08,St Etienne,Lorient,2,-2,D,4,2,0.267,0.400,3,4,0,1,H
279,29,2015-03-13,Monaco,Bastia,3,-3,H,9,0,0.600,0.000,8,1,0,2,H
280,29,2015-03-13,Nice,Guingamp,-1,1,D,2,5,0.167,0.500,4,4,0,0,A
281,29,2015-03-14,Lens,Toulouse,1,-1,D,4,2,0.364,0.167,6,6,0,0,H
282,29,2015-03-14,Lorient,Caen,1,-1,D,8,3,0.296,0.333,9,3,0,1,H
283,29,2015-03-14,Metz,St Etienne,-1,1,A,4,4,0.308,0.571,8,4,0,0,A
284,29,2015-03-14,Montpellier,Reims,2,-2,H,7,5,0.500,0.357,2,5,0,0,H
285,29,2015-03-14,Nantes,Evian TG,1,-1,H,4,4,0.400,0.333,2,3,0,0,H
286,29,2015-03-15,Bordeaux,Paris SG,1,-1,H,6,5,0.273,0.714,6,3,0,0,H
287,29,2015-03-15,Lille,Rennes,3,-3,H,4,2,0.250,0.222,5,7,0,0,H
288,29,2015-03-15,Marseille,Lyon,0,0,D,5,7,0.294,0.636,5,7,1,0,D
289,30,2015-03-20,Paris SG,Lorient,2,-2,H,10,4,0.588,0.400,10,5,0,0,H
290,30,2015-03-21,Bastia,Guingamp,0,0,D,5,4,0.333,0.333,3,7,0,0,D
291,30,2015-03-21,Caen,Metz,0,0,D,4,2,0.267,0.222,8,2,0,0,D
292,30,2015-03-21,Evian TG,Montpellier,1,-1,D,1,3,0.100,0.429,1,5,0,0,H
293,30,2015-03-21,Lyon,Nice,-1,1,A,8,4,0.381,0.400,4,4,0,1,A
294,30,2015-03-21,Rennes,Nantes,0,0,D,2,0,0.250,0.000,5,2,0,0,D
295,30,2015-03-21,Toulouse,Bordeaux,1,-1,D,5,7,0.500,0.500,8,9,0,1,H
296,30,2015-03-22,Lens,Marseille,-4,4,D,3,6,0.188,0.400,9,3,0,0,A
297,30,2015-03-22,Reims,Monaco,-2,2,A,3,5,0.188,0.417,5,3,0,0,A
298,30,2015-03-22,St Etienne,Lille,2,-2,D,6,1,0.500,0.167,6,3,0,1,H
299,31,2015-04-03,Monaco,St Etienne,0,0,D,1,3,0.143,0.273,6,1,0,0,D
300,31,2015-04-04,Guingamp,Lyon,-2,2,A,1,6,0.250,0.600,0,3,1,0,A
301,31,2015-04-04,Lille,Reims,2,-2,H,8,3,0.571,0.300,0,2,0,0,H
302,31,2015-04-04,Lorient,Rennes,-3,3,A,8,5,0.333,0.500,5,2,0,0,A
303,31,2015-04-04,Metz,Toulouse,1,-1,H,8,3,0.381,0.600,7,3,0,1,H
304,31,2015-04-04,Montpellier,Bastia,2,-2,A,5,1,0.455,0.167,8,1,0,0,H
305,31,2015-04-04,Nice,Evian TG,0,0,D,3,3,0.300,0.375,6,2,0,0,D
306,31,2015-04-05,Bordeaux,Lens,1,-1,D,8,2,0.471,0.222,3,8,0,0,H
307,31,2015-04-05,Marseille,Paris SG,-1,1,H,5,7,0.294,0.538,3,2,1,0,A
308,31,2015-04-05,Nantes,Caen,-1,1,H,4,3,0.500,0.273,3,12,0,0,A
309,31,2015-04-07,Monaco,Montpellier,0,0,D,2,1,0.200,0.250,9,5,0,0,D
310,32,2015-04-10,Caen,Monaco,-3,3,A,2,4,0.286,0.364,5,3,0,0,A
311,32,2015-04-12,Bordeaux,Marseille,1,-1,D,1,3,0.091,0.200,5,6,0,0,H
312,32,2015-04-12,Evian TG,Lille,-1,1,D,3,1,0.333,0.111,8,1,0,0,A
313,32,2015-04-12,Lens,Lorient,0,0,D,2,3,0.222,0.429,3,5,0,0,D
314,32,2015-04-12,Reims,Nice,-1,1,A,3,5,0.176,0.455,7,4,0,0,A
315,32,2015-04-12,Rennes,Guingamp,1,-1,D,5,1,0.455,0.167,7,4,0,1,H
316,32,2015-04-12,St Etienne,Nantes,1,-1,H,2,2,0.333,0.222,7,7,0,0,H
317,32,2015-04-12,Toulouse,Montpellier,1,-1,H,3,2,0.300,0.222,4,6,0,0,H
318,32,2015-04-15,Lyon,Bastia,2,-2,D,7,3,0.467,0.500,9,4,0,0,H
319,33,2015-04-17,Nantes,Marseille,1,-1,H,2,2,0.250,0.333,4,7,0,0,H
320,33,2015-04-18,Bastia,Reims,-1,1,A,1,5,0.200,0.833,4,5,0,0,A
321,33,2015-04-18,Guingamp,Evian TG,0,0,H,6,3,0.545,0.429,5,0,0,0,D
322,33,2015-04-18,Lorient,Toulouse,-1,1,A,1,3,0.077,0.333,9,3,0,1,A
323,32,2015-04-18,Metz,Lens,2,-2,H,7,2,0.389,0.333,5,4,0,0,H
324,33,2015-04-18,Monaco,Rennes,0,0,H,1,3,0.111,0.333,6,1,0,0,D
325,32,2015-04-18,Nice,Paris SG,-2,2,D,4,8,0.235,0.571,3,8,0,0,A
326,33,2015-04-19,Lille,Bordeaux,2,-2,H,4,4,0.667,0.500,3,10,0,0,H
327,33,2015-04-19,Lyon,St Etienne,0,0,A,6,6,0.286,0.545,7,4,1,0,D
328,33,2015-04-19,Montpellier,Caen,1,-1,H,6,2,0.500,0.333,7,3,0,0,H
329,34,2015-04-24,Marseille,Lorient,-2,2,A,5,6,0.417,0.545,5,1,0,0,A
330,33,2015-04-25,Bordeaux,Metz,0,0,A,4,3,0.222,0.429,13,2,0,0,D
331,34,2015-04-25,Caen,Guingamp,-2,2,D,0,3,0.000,0.429,13,2,0,0,A
332,34,2015-04-25,Evian TG,Bastia,-1,1,H,2,4,0.167,0.308,6,3,0,0,A
333,33,2015-04-25,Paris SG,Lille,5,-5,H,7,1,0.636,0.111,1,7,0,1,H
334,34,2015-04-25,Rennes,Nice,1,-1,A,5,3,0.455,0.333,2,1,0,0,H
335,34,2015-04-25,Toulouse,Nantes,0,0,H,3,3,0.273,0.250,6,6,0,0,D
336,34,2015-04-26,Lens,Monaco,-3,3,A,1,6,0.125,0.462,3,4,0,0,A
337,34,2015-04-26,Reims,Lyon,-2,2,A,5,10,0.294,0.714,4,4,0,0,A
338,34,2015-04-26,St Etienne,Montpellier,1,-1,H,3,3,0.375,0.300,3,8,0,0,H
339,34,2015-04-28,Paris SG,Metz,2,-2,H,5,2,0.455,0.250,11,3,0,0,H
340,35,2015-05-01,Metz,Marseille,-2,2,A,6,8,0.353,0.727,5,7,0,0,A
341,35,2015-05-02,Bastia,St Etienne,1,-1,D,4,1,0.364,0.143,2,5,0,0,H
342,35,2015-05-02,Guingamp,Reims,2,-2,D,3,1,0.333,0.167,3,5,0,0,H
343,35,2015-05-02,Lorient,Bordeaux,0,0,D,2,4,0.333,0.286,6,11,0,0,D
344,35,2015-05-02,Lyon,Evian TG,2,-2,H,6,3,0.375,0.375,6,3,0,0,H
345,35,2015-05-02,Montpellier,Rennes,0,0,D,1,1,0.091,0.250,9,4,1,0,D
346,35,2015-05-02,Nice,Caen,0,0,D,1,5,0.062,0.312,5,10,0,0,D
347,35,2015-05-03,Lille,Lens,2,-2,D,8,1,0.571,0.333,7,3,0,0,H
348,35,2015-05-03,Monaco,Toulouse,3,-3,H,6,4,1.000,0.364,2,5,1,1,H
349,35,2015-05-03,Nantes,Paris SG,-2,2,A,3,7,0.250,0.500,5,4,0,0,A
350,36,2015-05-08,Paris SG,Guingamp,6,-6,H,10,2,0.714,0.333,3,2,0,0,H
351,36,2015-05-09,Bordeaux,Nantes,1,-1,D,7,4,0.500,0.571,6,1,0,0,H
352,36,2015-05-09,Caen,Lyon,3,-3,H,9,8,0.500,0.615,4,6,0,0,H
353,36,2015-05-09,Evian TG,Reims,-1,1,D,4,3,0.444,0.214,2,6,0,0,A
354,36,2015-05-09,Metz,Lorient,-4,4,A,7,11,0.389,0.611,3,11,0,0,A
355,36,2015-05-09,Rennes,Bastia,-1,1,D,6,5,0.375,0.833,7,1,0,1,A
356,36,2015-05-09,Toulouse,Lille,1,-1,D,4,7,0.250,0.412,2,8,0,0,H
357,36,2015-05-10,Lens,Montpellier,-1,1,D,4,4,0.667,0.222,2,8,1,0,A
358,36,2015-05-10,Marseille,Monaco,1,-1,A,6,4,0.429,0.308,2,5,0,0,H
359,36,2015-05-10,St Etienne,Nice,5,-5,H,9,2,0.600,0.286,3,7,0,0,H
360,37,2015-05-16,Bastia,Caen,0,0,D,3,4,0.375,0.444,8,4,0,0,D
361,37,2015-05-16,Evian TG,St Etienne,-1,1,D,3,4,0.214,0.211,8,3,1,0,A
362,37,2015-05-16,Guingamp,Toulouse,1,-1,D,4,6,0.333,0.400,4,9,1,0,H
363,37,2015-05-16,Lille,Marseille,-4,4,A,2,5,0.154,0.312,5,2,0,0,A
364,37,2015-05-16,Lyon,Bordeaux,0,0,D,4,5,0.400,0.357,5,5,0,0,D
365,37,2015-05-16,Monaco,Metz,2,-2,H,5,2,0.263,0.222,10,2,0,0,H
366,37,2015-05-16,Montpellier,Paris SG,-1,1,A,2,4,0.222,0.308,4,4,0,0,A
367,37,2015-05-16,Nantes,Lorient,0,0,D,6,1,0.545,0.333,8,3,0,0,D
368,37,2015-05-16,Nice,Lens,1,-1,D,7,4,0.389,0.444,7,1,0,0,H
369,37,2015-05-16,Reims,Rennes,1,-1,D,1,3,0.083,0.300,0,5,0,0,H
370,38,2015-05-23,Bordeaux,Montpellier,1,-1,H,9,1,0.409,0.143,7,2,0,0,H
371,38,2015-05-23,Caen,Evian TG,1,-1,D,6,8,0.286,0.533,13,8,0,0,H
372,38,2015-05-23,Lens,Nantes,1,-1,H,4,5,0.571,0.312,1,3,0,0,H
373,38,2015-05-23,Lorient,Monaco,-1,1,A,1,8,0.143,0.444,4,10,0,0,A
374,38,2015-05-23,Marseille,Bastia,3,-3,H,5,1,0.312,0.143,5,0,0,0,H
375,38,2015-05-23,Metz,Lille,-3,3,A,4,10,0.250,0.500,4,7,0,0,A
376,38,2015-05-23,Paris SG,Reims,1,-1,H,6,4,0.429,0.400,5,8,0,0,H
377,38,2015-05-23,Rennes,Lyon,-1,1,D,2,2,0.200,0.222,5,1,0,0,A
378,38,2015-05-23,St Etienne,Guingamp,1,-1,H,6,3,0.600,0.273,5,4,0,0,H
379,38,2015-05-23,Toulouse,Nice,-1,1,A,4,4,0.444,0.500,3,3,0,0,A
